provincia,anio,denuncias,victimas,ordenes_proteccion,quebrantamientos,poblacion_total,poblacion_mujeres,renta_media_hogar,renta_media_persona,tasa_actividad_total,tasa_actividad_hombres,tasa_actividad_mujeres,tasa_empleo_total,tasa_empleo_hombres,tasa_empleo_mujeres,tasa_paro_total,tasa_paro_hombres,tasa_paro_mujeres
A CORUNA,2021,54.0,54.0,24.0,11.0,1120501.0,583140.0,,,,,,,,,,,
ALAVA,2021,53.0,53.0,5.0,1.0,333485.0,169186.0,,,,,,,,,,,
ALBACETE,2021,969.0,956.0,336.0,108.0,386726.0,193239.0,,,,,,,,,,,
ALICANTE,2021,10659.0,10627.0,2984.0,1433.0,1887036.0,951802.0,,,,,,,,,,,
ALMERIA,2021,2433.0,2218.0,580.0,348.0,730430.0,357607.0,,,,,,,,,,,
ASTURIAS,2021,1578.0,1571.0,421.0,246.0,1012117.0,528931.0,,,,,,,,,,,
AVILA,2021,374.0,374.0,141.0,42.0,158898.0,79014.0,,,,,,,,,,,
BADAJOZ,2021,1970.0,1970.0,650.0,130.0,671092.0,339236.0,,,,,,,,,,,
BARCELONA,2021,11536.0,11262.0,2780.0,1335.0,5702262.0,2916372.0,,,,,,,,,,,
BIZKAIA,2021,3269.0,3269.0,524.0,209.0,1153635.0,596445.0,,,,,,,,,,,
BURGOS,2021,811.0,805.0,273.0,90.0,356042.0,178002.0,,,,,,,,,,,
CACERES,2021,594.0,594.0,146.0,90.0,390544.0,196557.0,,,,,,,,,,,
CADIZ,2021,5433.0,4336.0,1317.0,1606.0,1249873.0,633278.0,,,,,,,,,,,
CANTABRIA,2021,416.0,416.0,102.0,37.0,584708.0,300854.0,,,,,,,,,,,
CASTELLON,2021,1102.0,1102.0,184.0,229.0,587632.0,295775.0,,,,,,,,,,,
CEUTA,2021,275.0,275.0,100.0,6.0,84071.0,41535.0,,,,,,,,,,,
CIUDAD REAL,2021,922.0,922.0,180.0,122.0,492900.0,248788.0,,,,,,,,,,,
CORDOBA,2021,2145.0,2144.0,368.0,191.0,777622.0,396763.0,,,,,,,,,,,
CUENCA,2021,409.0,409.0,145.0,9.0,196510.0,97762.0,,,,,,,,,,,
GIPUZKOA,2021,1445.0,1442.0,251.0,135.0,725508.0,371015.0,,,,,,,,,,,
GIRONA,2021,2211.0,2211.0,453.0,324.0,784941.0,391572.0,,,,,,,,,,,
GRANADA,2021,4677.0,4669.0,1381.0,327.0,925046.0,468653.0,,,,,,,,,,,
GUADALAJARA,2021,1433.0,1433.0,206.0,284.0,265969.0,131095.0,,,,,,,,,,,
HUELVA,2021,2394.0,2329.0,658.0,121.0,527254.0,266068.0,,,,,,,,,,,
HUESCA,2021,403.0,395.0,158.0,30.0,223995.0,110539.0,,,,,,,,,,,
ILLES BALEARS,2021,2543.0,2238.0,563.0,194.0,1183415.0,592425.0,,,,,,,,,,,
JAEN,2021,1834.0,1809.0,343.0,219.0,627568.0,316638.0,,,,,,,,,,,
LA RIOJA,2021,823.0,821.0,330.0,65.0,319444.0,161681.0,,,,,,,,,,,
LAS PALMAS,2021,3684.0,3653.0,771.0,180.0,1131359.0,568199.0,,,,,,,,,,,
LEON,2021,589.0,588.0,126.0,96.0,452435.0,232401.0,,,,,,,,,,,
LLEIDA,2021,1392.0,1392.0,277.0,151.0,439258.0,215247.0,,,,,,,,,,,
LUGO,2021,547.0,547.0,156.0,121.0,326068.0,168065.0,,,,,,,,,,,
MADRID,2021,23736.0,23184.0,5033.0,3023.0,6726640.0,3505239.0,,,,,,,,,,,
MALAGA,2021,9059.0,9059.0,1347.0,928.0,1696955.0,865744.0,,,,,,,,,,,
MELILLA,2021,356.0,356.0,66.0,23.0,86450.0,42627.0,,,,,,,,,,,
MURCIA,2021,5713.0,5699.0,1362.0,570.0,1518279.0,757448.0,,,,,,,,,,,
NAVARRA,2021,262.0,262.0,38.0,46.0,662032.0,334092.0,,,,,,,,,,,
OURENSE,2021,141.0,141.0,42.0,30.0,305297.0,158667.0,,,,,,,,,,,
PALENCIA,2021,53.0,53.0,21.0,0.0,159146.0,80263.0,,,,,,,,,,,
PONTEVEDRA,2021,632.0,632.0,191.0,40.0,946311.0,488814.0,,,,,,,,,,,
SALAMANCA,2021,53.0,53.0,18.0,4.0,327735.0,168533.0,,,,,,,,,,,
SANTA CRUZ DE TENERIFE,2021,3148.0,3148.0,708.0,252.0,1047565.0,532865.0,,,,,,,,,,,
SEGOVIA,2021,33.0,33.0,10.0,0.0,153626.0,76474.0,,,,,,,,,,,
SEVILLA,2021,1766.0,1755.0,499.0,204.0,1950056.0,997433.0,,,,,,,,,,,
SORIA,2021,30.0,30.0,7.0,0.0,88796.0,43857.0,,,,,,,,,,,
TARRAGONA,2021,1880.0,1880.0,536.0,160.0,823435.0,411882.0,,,,,,,,,,,
TERUEL,2021,123.0,123.0,39.0,6.0,134259.0,66116.0,,,,,,,,,,,
TOLEDO,2021,772.0,654.0,212.0,192.0,710400.0,352925.0,,,,,,,,,,,
VALENCIA,2021,3234.0,3204.0,812.0,394.0,2593243.0,1322582.0,,,,,,,,,,,
VALLADOLID,2021,217.0,209.0,68.0,20.0,519380.0,266381.0,,,,,,,,,,,
ZAMORA,2021,63.0,63.0,14.0,4.0,169165.0,85341.0,,,,,,,,,,,
ZARAGOZA,2021,229.0,224.0,109.0,23.0,973684.0,497020.0,,,,,,,,,,,
A CORUNA,2022,46.0,46.0,36.0,6.0,1119164.0,582467.0,,,,,,,,,,,
ALAVA,2022,84.0,84.0,23.0,3.0,333908.0,169498.0,,,,,,,,,,,
ALBACETE,2022,923.0,923.0,330.0,122.0,385967.0,192731.0,,,,,,,,,,,
ALICANTE,2022,12394.0,12345.0,3075.0,1799.0,1907494.0,962380.0,,,,,,,,,,,
ALMERIA,2022,2885.0,2866.0,828.0,419.0,739541.0,361216.0,,,,,,,,,,,
ASTURIAS,2022,1975.0,1790.0,624.0,356.0,1004960.0,525302.0,,,,,,,,,,,
AVILA,2022,426.0,426.0,106.0,48.0,159102.0,79042.0,,,,,,,,,,,
BADAJOZ,2022,2233.0,2215.0,636.0,205.0,667851.0,337673.0,,,,,,,,,,,
BARCELONA,2022,11821.0,11538.0,3133.0,1408.0,5699602.0,2915904.0,,,,,,,,,,,
BIZKAIA,2022,3682.0,3682.0,695.0,204.0,1148677.0,593929.0,,,,,,,,,,,
BURGOS,2022,890.0,890.0,264.0,73.0,354846.0,177337.0,,,,,,,,,,,
CACERES,2022,738.0,738.0,207.0,168.0,388957.0,195880.0,,,,,,,,,,,
CADIZ,2022,5625.0,5247.0,1212.0,1540.0,1250545.0,633898.0,,,,,,,,,,,
CANTABRIA,2022,497.0,497.0,145.0,47.0,585450.0,301389.0,,,,,,,,,,,
CASTELLON,2022,1344.0,1244.0,222.0,579.0,591300.0,297684.0,,,,,,,,,,,
CEUTA,2022,250.0,250.0,92.0,5.0,83051.0,41143.0,,,,,,,,,,,
CIUDAD REAL,2022,911.0,911.0,247.0,119.0,490950.0,247676.0,,,,,,,,,,,
CORDOBA,2022,2515.0,2515.0,347.0,174.0,775110.0,395543.0,,,,,,,,,,,
CUENCA,2022,489.0,489.0,182.0,9.0,196640.0,97805.0,,,,,,,,,,,
GIPUZKOA,2022,1566.0,1543.0,281.0,198.0,723241.0,369908.0,,,,,,,,,,,
GIRONA,2022,2225.0,2225.0,493.0,275.0,790432.0,394174.0,,,,,,,,,,,
GRANADA,2022,5112.0,4773.0,1141.0,680.0,926019.0,469185.0,,,,,,,,,,,
GUADALAJARA,2022,910.0,908.0,160.0,315.0,268412.0,132284.0,,,,,,,,,,,
HUELVA,2022,2458.0,2458.0,487.0,80.0,531094.0,267696.0,,,,,,,,,,,
HUESCA,2022,464.0,462.0,197.0,48.0,225199.0,110911.0,,,,,,,,,,,
ILLES BALEARS,2022,3051.0,2567.0,679.0,288.0,1187043.0,594943.0,,,,,,,,,,,
JAEN,2022,1932.0,1916.0,470.0,173.0,624191.0,314842.0,,,,,,,,,,,
LA RIOJA,2022,893.0,869.0,326.0,41.0,319617.0,161742.0,,,,,,,,,,,
LAS PALMAS,2022,4056.0,4048.0,657.0,272.0,1133733.0,569970.0,,,,,,,,,,,
LEON,2022,721.0,721.0,158.0,117.0,449270.0,230840.0,,,,,,,,,,,
LLEIDA,2022,1549.0,1549.0,308.0,82.0,440883.0,215778.0,,,,,,,,,,,
LUGO,2022,554.0,552.0,150.0,101.0,324240.0,167083.0,,,,,,,,,,,
MADRID,2022,26276.0,25173.0,5280.0,2946.0,6743254.0,3514127.0,,,,,,,,,,,
MALAGA,2022,11676.0,11635.0,1560.0,1229.0,1715109.0,875071.0,,,,,,,,,,,
MELILLA,2022,358.0,358.0,84.0,23.0,84932.0,41954.0,,,,,,,,,,,
MURCIA,2022,6740.0,6740.0,1338.0,730.0,1529658.0,762541.0,,,,,,,,,,,
NAVARRA,2022,287.0,287.0,50.0,41.0,664514.0,335450.0,,,,,,,,,,,
OURENSE,2022,160.0,160.0,68.0,26.0,304223.0,158111.0,,,,,,,,,,,
PALENCIA,2022,31.0,31.0,22.0,0.0,157993.0,79677.0,,,,,,,,,,,
PONTEVEDRA,2022,685.0,685.0,193.0,69.0,945198.0,488582.0,,,,,,,,,,,
SALAMANCA,2022,49.0,49.0,28.0,6.0,326285.0,167798.0,,,,,,,,,,,
SANTA CRUZ DE TENERIFE,2022,3389.0,3379.0,701.0,305.0,1051874.0,535393.0,,,,,,,,,,,
SEGOVIA,2022,43.0,43.0,15.0,0.0,153731.0,76528.0,,,,,,,,,,,
SEVILLA,2022,2181.0,2169.0,542.0,289.0,1949558.0,997096.0,,,,,,,,,,,
SORIA,2022,38.0,38.0,27.0,0.0,88330.0,43576.0,,,,,,,,,,,
TARRAGONA,2022,1920.0,1920.0,485.0,171.0,830906.0,415794.0,,,,,,,,,,,
TERUEL,2022,153.0,153.0,55.0,12.0,134132.0,66012.0,,,,,,,,,,,
TOLEDO,2022,841.0,661.0,257.0,234.0,716309.0,356050.0,,,,,,,,,,,
VALENCIA,2022,3657.0,3483.0,918.0,423.0,2609322.0,1331328.0,,,,,,,,,,,
VALLADOLID,2022,265.0,221.0,117.0,72.0,518158.0,265860.0,,,,,,,,,,,
ZAMORA,2022,53.0,53.0,17.0,3.0,167868.0,84698.0,,,,,,,,,,,
ZARAGOZA,2022,333.0,316.0,122.0,38.0,968884.0,494481.0,,,,,,,,,,,
A CORUNA,2023,58.0,58.0,42.0,18.0,1123884.0,585361.0,,,,,,,,,,,
ALAVA,2023,89.0,89.0,16.0,5.0,336308.0,170708.0,,,,,,,,,,,
ALBACETE,2023,1051.0,1051.0,363.0,169.0,387529.0,193517.0,,,,,,,,,,,
ALICANTE,2023,14945.0,14908.0,3575.0,2248.0,1955268.0,988791.0,,,,,,,,,,,
ALMERIA,2023,2822.0,2663.0,838.0,357.0,753364.0,367668.0,,,,,,,,,,,
ASTURIAS,2023,2324.0,2324.0,642.0,385.0,1006060.0,526321.0,,,,,,,,,,,
AVILA,2023,520.0,520.0,120.0,97.0,159764.0,79454.0,,,,,,,,,,,
BADAJOZ,2023,3077.0,1914.0,586.0,401.0,666049.0,336931.0,,,,,,,,,,,
BARCELONA,2023,13103.0,12832.0,3259.0,1834.0,5797356.0,2967096.0,,,,,,,,,,,
BIZKAIA,2023,3846.0,3802.0,836.0,427.0,1153282.0,596136.0,,,,,,,,,,,
BURGOS,2023,1036.0,1036.0,336.0,78.0,357370.0,178778.0,,,,,,,,,,,
CACERES,2023,1300.0,1300.0,238.0,148.0,388257.0,195749.0,,,,,,,,,,,
CADIZ,2023,5507.0,5507.0,1082.0,1111.0,1254866.0,636575.0,,,,,,,,,,,
CANTABRIA,2023,561.0,525.0,153.0,69.0,588387.0,303254.0,,,,,,,,,,,
CASTELLON,2023,1529.0,1529.0,130.0,427.0,604086.0,304306.0,,,,,,,,,,,
CEUTA,2023,325.0,325.0,114.0,30.0,83052.0,41155.0,,,,,,,,,,,
CIUDAD REAL,2023,1129.0,1129.0,344.0,166.0,491927.0,248054.0,,,,,,,,,,,
CORDOBA,2023,2576.0,2540.0,375.0,104.0,775002.0,395763.0,,,,,,,,,,,
CUENCA,2023,495.0,495.0,186.0,39.0,198436.0,98502.0,,,,,,,,,,,
GIPUZKOA,2023,1698.0,1698.0,235.0,203.0,726712.0,371954.0,,,,,,,,,,,
GIRONA,2023,2536.0,2536.0,556.0,240.0,808672.0,403980.0,,,,,,,,,,,
GRANADA,2023,5672.0,4674.0,1078.0,1414.0,934072.0,473535.0,,,,,,,,,,,
GUADALAJARA,2023,905.0,905.0,251.0,189.0,275082.0,135666.0,,,,,,,,,,,
HUELVA,2023,2521.0,2521.0,644.0,180.0,534084.0,269067.0,,,,,,,,,,,
HUESCA,2023,558.0,558.0,191.0,66.0,226878.0,111940.0,,,,,,,,,,,
ILLES BALEARS,2023,3316.0,2940.0,661.0,327.0,1209906.0,607257.0,,,,,,,,,,,
JAEN,2023,2226.0,2137.0,639.0,189.0,620637.0,313239.0,,,,,,,,,,,
LA RIOJA,2023,983.0,961.0,344.0,78.0,322282.0,163131.0,,,,,,,,,,,
LAS PALMAS,2023,4356.0,4356.0,590.0,263.0,1145843.0,576373.0,,,,,,,,,,,
LEON,2023,611.0,611.0,153.0,105.0,448573.0,230535.0,,,,,,,,,,,
LLEIDA,2023,1765.0,1765.0,425.0,87.0,447343.0,218786.0,,,,,,,,,,,
LUGO,2023,602.0,556.0,192.0,97.0,324267.0,166935.0,,,,,,,,,,,
MADRID,2023,28345.0,27279.0,5916.0,3683.0,6871903.0,3583706.0,,,,,,,,,,,
MALAGA,2023,12298.0,12298.0,1780.0,1935.0,1752728.0,895482.0,,,,,,,,,,,
MELILLA,2023,402.0,402.0,81.0,38.0,85493.0,42331.0,,,,,,,,,,,
MURCIA,2023,7550.0,7511.0,1514.0,811.0,1551692.0,773873.0,,,,,,,,,,,
NAVARRA,2023,286.0,286.0,42.0,58.0,672155.0,339580.0,,,,,,,,,,,
OURENSE,2023,170.0,170.0,62.0,29.0,304563.0,158292.0,,,,,,,,,,,
PALENCIA,2023,52.0,52.0,18.0,21.0,157787.0,79662.0,,,,,,,,,,,
PONTEVEDRA,2023,746.0,746.0,165.0,80.0,946710.0,489772.0,,,,,,,,,,,
SALAMANCA,2023,88.0,88.0,42.0,20.0,327089.0,168310.0,,,,,,,,,,,
SANTA CRUZ DE TENERIFE,2023,4949.0,4949.0,785.0,228.0,1067173.0,543920.0,,,,,,,,,,,
SEGOVIA,2023,44.0,44.0,18.0,0.0,155332.0,77465.0,,,,,,,,,,,
SEVILLA,2023,2313.0,2313.0,627.0,253.0,1959394.0,1002987.0,,,,,,,,,,,
SORIA,2023,24.0,24.0,14.0,4.0,89528.0,44132.0,,,,,,,,,,,
TARRAGONA,2023,2170.0,2170.0,521.0,225.0,848592.0,424878.0,,,,,,,,,,,
TERUEL,2023,224.0,224.0,71.0,33.0,135046.0,66630.0,,,,,,,,,,,
TOLEDO,2023,1003.0,847.0,369.0,156.0,731112.0,363232.0,,,,,,,,,,,
VALENCIA,2023,3973.0,3914.0,690.0,426.0,2656841.0,1357172.0,,,,,,,,,,,
VALLADOLID,2023,195.0,195.0,74.0,35.0,521333.0,267625.0,,,,,,,,,,,
ZAMORA,2023,86.0,86.0,32.0,24.0,166927.0,84157.0,,,,,,,,,,,
ZARAGOZA,2023,391.0,374.0,126.0,37.0,979365.0,500045.0,,,,,,,,,,,
A CORUNA,2024,47.0,43.0,37.0,7.0,1128449.0,587925.0,,,,,,,,,,,
ALAVA,2024,118.0,118.0,21.0,8.0,338594.0,171927.0,,,,,,,,,,,
ALBACETE,2024,1022.0,949.0,344.0,118.0,389070.0,194309.0,,,,,,,,,,,
ALICANTE,2024,14360.0,13531.0,2748.0,1445.0,1993289.0,1008497.0,,,,,,,,,,,
ALMERIA,2024,3286.0,3063.0,1131.0,291.0,760964.0,371861.0,,,,,,,,,,,
ASTURIAS,2024,2219.0,1996.0,637.0,351.0,1009599.0,528121.0,,,,,,,,,,,
AVILA,2024,477.0,477.0,150.0,49.0,160463.0,79868.0,,,,,,,,,,,
BADAJOZ,2024,2494.0,2097.0,607.0,372.0,666029.0,337097.0,,,,,,,,,,,
BARCELONA,2024,13298.0,13043.0,3135.0,1452.0,5877672.0,3006951.0,,,,,,,,,,,
BIZKAIA,2024,3733.0,3530.0,555.0,350.0,1159368.0,598845.0,,,,,,,,,,,
BURGOS,2024,1078.0,995.0,314.0,159.0,359740.0,179916.0,,,,,,,,,,,
CACERES,2024,1156.0,1156.0,165.0,235.0,388652.0,195907.0,,,,,,,,,,,
CADIZ,2024,6334.0,4995.0,1015.0,1703.0,1258730.0,639187.0,,,,,,,,,,,
CANTABRIA,2024,608.0,471.0,178.0,81.0,590851.0,304529.0,,,,,,,,,,,
CASTELLON,2024,1208.0,949.0,417.0,208.0,615188.0,309577.0,,,,,,,,,,,
CEUTA,2024,330.0,330.0,130.0,0.0,83179.0,41222.0,,,,,,,,,,,
CIUDAD REAL,2024,1113.0,1112.0,348.0,64.0,492948.0,248511.0,,,,,,,,,,,
CORDOBA,2024,2481.0,2481.0,393.0,125.0,774313.0,395658.0,,,,,,,,,,,
CUENCA,2024,694.0,680.0,255.0,90.0,199025.0,98660.0,,,,,,,,,,,
GIPUZKOA,2024,1852.0,1804.0,329.0,168.0,729722.0,373424.0,,,,,,,,,,,
GIRONA,2024,2481.0,2281.0,463.0,231.0,821108.0,409761.0,,,,,,,,,,,
GRANADA,2024,4949.0,4756.0,1056.0,333.0,939741.0,477226.0,,,,,,,,,,,
GUADALAJARA,2024,891.0,722.0,192.0,130.0,280225.0,138188.0,,,,,,,,,,,
HUELVA,2024,2512.0,2457.0,566.0,42.0,535734.0,270072.0,,,,,,,,,,,
HUESCA,2024,527.0,487.0,193.0,41.0,228519.0,112527.0,,,,,,,,,,,
ILLES BALEARS,2024,3287.0,2874.0,643.0,185.0,1231768.0,617858.0,,,,,,,,,,,
JAEN,2024,1870.0,1840.0,458.0,251.0,619055.0,312583.0,,,,,,,,,,,
LA RIOJA,2024,1005.0,861.0,181.0,154.0,324184.0,164205.0,,,,,,,,,,,
LAS PALMAS,2024,4980.0,4442.0,595.0,359.0,1159890.0,583826.0,,,,,,,,,,,
LEON,2024,626.0,626.0,141.0,55.0,447802.0,229977.0,,,,,,,,,,,
LLEIDA,2024,1767.0,1730.0,313.0,128.0,451707.0,220654.0,,,,,,,,,,,
LUGO,2024,772.0,762.0,188.0,104.0,325048.0,167333.0,,,,,,,,,,,
MADRID,2024,30361.0,26811.0,5958.0,4292.0,7009268.0,3653105.0,,,,,,,,,,,
MALAGA,2024,11164.0,10072.0,1798.0,1215.0,1774701.0,907561.0,,,,,,,,,,,
MELILLA,2024,407.0,407.0,95.0,32.0,85985.0,42733.0,,,,,,,,,,,
MURCIA,2024,6811.0,5984.0,1374.0,706.0,1568492.0,782454.0,,,,,,,,,,,
NAVARRA,2024,193.0,193.0,45.0,7.0,678333.0,342414.0,,,,,,,,,,,
OURENSE,2024,194.0,190.0,62.0,20.0,304467.0,158286.0,,,,,,,,,,,
PALENCIA,2024,38.0,38.0,18.0,2.0,158063.0,79720.0,,,,,,,,,,,
PONTEVEDRA,2024,757.0,709.0,221.0,82.0,947869.0,490545.0,,,,,,,,,,,
SALAMANCA,2024,84.0,80.0,33.0,20.0,327552.0,168858.0,,,,,,,,,,,
SANTA CRUZ DE TENERIFE,2024,5127.0,5045.0,827.0,152.0,1078864.0,549891.0,,,,,,,,,,,
SEGOVIA,2024,56.0,53.0,29.0,3.0,156620.0,78111.0,,,,,,,,,,,
SEVILLA,2024,2345.0,2247.0,712.0,220.0,1968624.0,1008359.0,,,,,,,,,,,
SORIA,2024,38.0,38.0,25.0,0.0,90073.0,44340.0,,,,,,,,,,,
TARRAGONA,2024,1943.0,1823.0,506.0,184.0,861744.0,431167.0,,,,,,,,,,,
TERUEL,2024,164.0,164.0,55.0,29.0,135309.0,66688.0,,,,,,,,,,,
TOLEDO,2024,429.0,397.0,130.0,63.0,743165.0,369542.0,,,,,,,,,,,
VALENCIA,2024,3675.0,3196.0,703.0,270.0,2710808.0,1385359.0,,,,,,,,,,,
VALLADOLID,2024,198.0,198.0,73.0,6.0,525116.0,269582.0,,,,,,,,,,,
ZAMORA,2024,69.0,69.0,28.0,12.0,166253.0,83806.0,,,,,,,,,,,
ZARAGOZA,2024,404.0,340.0,114.0,58.0,987763.0,504101.0,,,,,,,,,,,
